{
    "timestamp": "20250426_131046",
    "num_responses": 11,
    "average_bleu": 0.03547556479928562,
    "individual_scores": [
        0.0,
        0.1976908892702956,
        5.886855739818533e-155,
        0.0,
        0.08496620486871087,
        0.0,
        0.0,
        0.10757411865313529,
        0.0,
        0.0,
        0.0
    ]
}