{
  "timestamp": "2025-05-10T13:09:35.913804",
  "total_conversations": 1,
  "average_rouge1": {
    "precision": 0.2967032967032967,
    "recall": 0.627906976744186,
    "fmeasure": 0.40298507462686567
  },
  "average_rougeL": {
    "precision": 0.2087912087912088,
    "recall": 0.4418604651162791,
    "fmeasure": 0.2835820895522388
  }
}