{
    "total_conversations": 1,
    "average_scores": {
        "rouge1": {
            "precision": 0.3516483516483517,
            "recall": 0.8,
            "fmeasure": 0.4885496183206107
        },
        "rougeL": {
            "precision": 0.23076923076923078,
            "recall": 0.525,
            "fmeasure": 0.3206106870229008
        }
    },
    "timestamp": "2025-05-10T13:01:11.700840"
}