{
    "total_conversations": 1,
    "average_scores": {
        "rouge1": {
            "precision": 0.31868131868131866,
            "recall": 0.7073170731707317,
            "fmeasure": 0.43939393939393934
        },
        "rougeL": {
            "precision": 0.24175824175824176,
            "recall": 0.5365853658536586,
            "fmeasure": 0.3333333333333333
        }
    },
    "timestamp": "2025-05-10T12:58:20.373345"
}